account,division,use case,customer objective,volume,impact per case,improvement factor,money counts,plain measure,expected added monthly tokens,status,sponsor,owner,next quarter ramp percentage
Azrulon Energy Networks,Grid Operations,Dispatch exception triage,Reduce outage coordination effort,180000,115,0.08,outage-coordination effort avoided,420 operator hours saved per month,4500000000,agreed,Mira Voss,Keir Nalen,0.25
Azrulon Energy Networks,Asset Reliability,Predictive work-order briefs,Avoid unplanned maintenance,42000,900,0.03,unplanned-maintenance impact avoided,1260 maintenance hours saved per quarter,3000000000,proven,Sera Quill,Tovin Marr,0
Azrulon Energy Networks,Hydrogen Networks,Permit evidence assistant,Accelerate network readiness,12000,400,0.10,permit-review delay avoided,180 review days saved per quarter,2000000000,proposed,,Lysa Venn,0.50
Norevix Capital Group,Corporate Banking,Credit memo assembly,Reduce analyst preparation time,85000,85,0.20,analyst preparation effort avoided,6800 analyst hours saved per year,3800000000,proven,Daren Quist,Nila Sorn,0
Norevix Capital Group,Risk Analytics,Scenario pack automation,Shorten portfolio risk review,24000,180,0.15,portfolio-risk review effort avoided,960 review hours saved per quarter,2500000000,proposed,Orin Vale,Petra Noll,0.50
Quorvane Therapeutics,Manufacturing Operations,Batch record review,Reduce release review time,60000,95,0.18,release-review effort avoided,2400 reviewer hours saved per quarter,2800000000,agreed,Elian Rusk,Mara Tev,0.25
Quorvane Therapeutics,Quality Assurance,Deviation investigation drafts,Shorten deviation closure time,18000,400,0.12,deviation-closure delay avoided,720 closure days saved per year,2100000000,agreed,Iven Cora,,0.30
Talvexon Industrial Systems,Advanced Fabrication,Shift handover synthesis,Reduce production downtime,110000,135,0.10,production downtime avoided,5500 supervisor hours saved per year,4000000000,proven,Rhea Taln,Korin Vesk,0
Talvexon Industrial Systems,Supply Network,Supplier disruption planning,Reduce emergency expedite costs,36000,500,0.08,emergency expedite cost avoided,288 avoided expedite events per year,3500000000,proposed,Malin Orev,Tessa Varn,0.40
Veyrith Biologics,Demand and Supply Planning,Demand plan scenario briefs,Improve demand planning response,30000,350,0.12,demand-planning delay avoided,900 planner days saved per year,3400000000,agreed,Anya Pell,Corin Zeth,0.50
Veyrith Biologics,Logistics and Fulfilment,Shipment exception resolution,Reduce shipment exception cycle time,95000,100,0.16,shipment-delay impact avoided,15200 shipment delay days avoided per year,4200000000,proven,Jora Myne,Del Varo,0
Veyrith Biologics,Supplier Quality,Supplier audit evidence review,Reduce supplier audit rework,25000,600,0.10,supplier-audit rework avoided,500 supplier audit review cycles avoided per year,3000000000,proposed,,Eris Noll,0.35
