prospect,industry,size,trigger,lookalike case,route in,likely sponsor role
Qelvoryn Forgeworks,manufacturing,42000 employees,Published factory downtime efficiency target,Shift handover synthesis,Executive moved from Talvexon Industrial Systems,Chief Operating Officer
Zynthara Biosystems,life sciences,28000 employees,Distribution compliance deadline in nine months,Shipment exception resolution,Shared logistics partner,Chief Supply Chain Officer
Praxevon Ledgercraft,financial services,36000 employees,New head of digital credit appointed,Credit memo assembly,Shared banking transformation partner,Head of Corporate Banking
Ulmaris Power Systems,energy,55000 employees,New chief digital officer appointed,Predictive work-order briefs,Shared implementation partner,Chief Digital Officer
Virelqua Process Labs,life sciences,19000 employees,Published batch-release cycle target,Batch record review,Shared validation partner,Head of Manufacturing
Dorthenix Materials,manufacturing,61000 employees,Acquisition integration programme started,Shift handover synthesis,Industry council introduction,Chief Operating Officer
Kavoryx Fleet Systems,manufacturing,47000 employees,Operations productivity review announced,Dispatch exception triage,Former colleague of the Azrulon sponsor,Head of Field Operations
Eluntra Riskworks,financial services,22000 employees,Regulatory model-governance deadline,Credit memo assembly,Conference introduction,Chief Risk Officer
Myzara Supply Engines,life sciences,31000 employees,New chief operating officer appointed,Batch record review,Board adviser introduction,Chief Operating Officer
Torqevia Industrial Mesh,manufacturing,68000 employees,New chief procurement officer appointed,Predictive work-order briefs,Conference introduction,Chief Procurement Officer
