account,division,region,month,tokens,seats,active users,stage
Veyrith Biologics,Demand and Supply Planning,North Arken,2025-11,2200000000,4200,1050,consideration
Veyrith Biologics,Demand and Supply Planning,North Arken,2025-12,2294000000,4370,1090,consideration
Veyrith Biologics,Demand and Supply Planning,North Arken,2026-01,2517000000,4550,2280,pilot
Veyrith Biologics,Demand and Supply Planning,North Arken,2026-02,2788000000,4740,2370,pilot
Veyrith Biologics,Demand and Supply Planning,North Arken,2026-03,3026000000,4940,2470,pilot
Veyrith Biologics,Demand and Supply Planning,North Arken,2026-04,3190000000,5140,3700,rollout
Veyrith Biologics,Demand and Supply Planning,North Arken,2026-05,3531000000,5350,3850,rollout
Veyrith Biologics,Demand and Supply Planning,North Arken,2026-06,3723000000,5570,4010,rollout
Veyrith Biologics,Demand and Supply Planning,North Arken,2026-07,3924000000,5800,5220,production
Veyrith Biologics,Demand and Supply Planning,North Arken,2026-08,4344000000,6040,5440,production
Veyrith Biologics,Demand and Supply Planning,North Arken,2026-09,4761000000,6290,5660,production
Veyrith Biologics,Demand and Supply Planning,North Arken,2026-10,5069000000,6550,5900,production
Veyrith Biologics,Logistics and Fulfilment,West Elvar,2025-11,3100000000,6100,1530,consideration
Veyrith Biologics,Logistics and Fulfilment,West Elvar,2025-12,3172000000,6280,1570,consideration
Veyrith Biologics,Logistics and Fulfilment,West Elvar,2026-01,3416000000,6470,1620,consideration
Veyrith Biologics,Logistics and Fulfilment,West Elvar,2026-02,3713000000,6670,3340,pilot
Veyrith Biologics,Logistics and Fulfilment,West Elvar,2026-03,3956000000,6870,3440,pilot
Veyrith Biologics,Logistics and Fulfilment,West Elvar,2026-04,4092000000,7080,3540,pilot
Veyrith Biologics,Logistics and Fulfilment,West Elvar,2026-05,4445000000,7290,3650,pilot
Veyrith Biologics,Logistics and Fulfilment,West Elvar,2026-06,4600000000,7510,5410,rollout
Veyrith Biologics,Logistics and Fulfilment,West Elvar,2026-07,4758000000,7740,5570,rollout
Veyrith Biologics,Logistics and Fulfilment,West Elvar,2026-08,5170000000,7980,5750,rollout
Veyrith Biologics,Logistics and Fulfilment,West Elvar,2026-09,5560000000,8220,5920,rollout
Veyrith Biologics,Logistics and Fulfilment,West Elvar,2026-10,5810000000,8470,6100,rollout
Veyrith Biologics,Supplier Quality,Central Orwyn,2025-11,1650000000,3300,830,consideration
Veyrith Biologics,Supplier Quality,Central Orwyn,2025-12,1673000000,3380,850,consideration
Veyrith Biologics,Supplier Quality,Central Orwyn,2026-01,1784000000,3470,870,consideration
Veyrith Biologics,Supplier Quality,Central Orwyn,2026-02,1921000000,3550,890,consideration
Veyrith Biologics,Supplier Quality,Central Orwyn,2026-03,2027000000,3640,910,consideration
Veyrith Biologics,Supplier Quality,Central Orwyn,2026-04,2077000000,3730,1870,pilot
Veyrith Biologics,Supplier Quality,Central Orwyn,2026-05,2235000000,3820,1910,pilot
Veyrith Biologics,Supplier Quality,Central Orwyn,2026-06,2290000000,3920,1960,pilot
Veyrith Biologics,Supplier Quality,Central Orwyn,2026-07,2346000000,4010,2010,pilot
Veyrith Biologics,Supplier Quality,Central Orwyn,2026-08,2526000000,4110,2060,pilot
Veyrith Biologics,Supplier Quality,Central Orwyn,2026-09,2691000000,4210,2110,pilot
Veyrith Biologics,Supplier Quality,Central Orwyn,2026-10,2785000000,4320,2160,pilot
Veyrith Biologics,Supply Chain Centre of Excellence,South Ilyra,2025-11,2750000000,5000,1250,consideration
Veyrith Biologics,Supply Chain Centre of Excellence,South Ilyra,2025-12,2841000000,5180,1300,consideration
Veyrith Biologics,Supply Chain Centre of Excellence,South Ilyra,2026-01,3088000000,5360,2680,pilot
Veyrith Biologics,Supply Chain Centre of Excellence,South Ilyra,2026-02,3388000000,5560,2780,pilot
Veyrith Biologics,Supply Chain Centre of Excellence,South Ilyra,2026-03,3644000000,5750,2880,pilot
Veyrith Biologics,Supply Chain Centre of Excellence,South Ilyra,2026-04,3805000000,5960,4290,rollout
Veyrith Biologics,Supply Chain Centre of Excellence,South Ilyra,2026-05,4173000000,6170,4440,rollout
Veyrith Biologics,Supply Chain Centre of Excellence,South Ilyra,2026-06,4359000000,6390,4600,rollout
Veyrith Biologics,Supply Chain Centre of Excellence,South Ilyra,2026-07,4551000000,6620,5960,production
Veyrith Biologics,Supply Chain Centre of Excellence,South Ilyra,2026-08,4992000000,6860,6170,production
Veyrith Biologics,Supply Chain Centre of Excellence,South Ilyra,2026-09,5420000000,7100,6390,production
Veyrith Biologics,Supply Chain Centre of Excellence,South Ilyra,2026-10,5718000000,7360,6620,production
Quorvane Therapeutics,Manufacturing Operations,North Ceryn,2025-11,2400000000,4600,1150,consideration
Quorvane Therapeutics,Manufacturing Operations,North Ceryn,2025-12,2333000000,4610,1150,consideration
Quorvane Therapeutics,Manufacturing Operations,North Ceryn,2026-01,2386000000,4610,2310,pilot
Quorvane Therapeutics,Manufacturing Operations,North Ceryn,2026-02,2463000000,4620,2310,pilot
Quorvane Therapeutics,Manufacturing Operations,North Ceryn,2026-03,2492000000,4620,2310,pilot
Quorvane Therapeutics,Manufacturing Operations,North Ceryn,2026-04,2448000000,4630,3330,rollout
Quorvane Therapeutics,Manufacturing Operations,North Ceryn,2026-05,2526000000,4630,3330,rollout
Quorvane Therapeutics,Manufacturing Operations,North Ceryn,2026-06,2482000000,4640,3340,rollout
Quorvane Therapeutics,Manufacturing Operations,North Ceryn,2026-07,2439000000,4640,4180,production
Quorvane Therapeutics,Manufacturing Operations,North Ceryn,2026-08,2517000000,4650,4190,production
Quorvane Therapeutics,Manufacturing Operations,North Ceryn,2026-09,2571000000,4650,4190,production
Quorvane Therapeutics,Manufacturing Operations,North Ceryn,2026-10,2551000000,4660,4190,production
Quorvane Therapeutics,Supply Chain Planning,East Dovra,2025-11,1950000000,3900,980,consideration
Quorvane Therapeutics,Supply Chain Planning,East Dovra,2025-12,1890000000,3900,980,consideration
Quorvane Therapeutics,Supply Chain Planning,East Dovra,2026-01,1927000000,3900,980,consideration
Quorvane Therapeutics,Supply Chain Planning,East Dovra,2026-02,1983000000,3890,1950,pilot
Quorvane Therapeutics,Supply Chain Planning,East Dovra,2026-03,2000000000,3890,1950,pilot
Quorvane Therapeutics,Supply Chain Planning,East Dovra,2026-04,1960000000,3890,1950,pilot
Quorvane Therapeutics,Supply Chain Planning,East Dovra,2026-05,2016000000,3890,1950,pilot
Quorvane Therapeutics,Supply Chain Planning,East Dovra,2026-06,1975000000,3890,2800,rollout
Quorvane Therapeutics,Supply Chain Planning,East Dovra,2026-07,1934000000,3880,2790,rollout
Quorvane Therapeutics,Supply Chain Planning,East Dovra,2026-08,1990000000,3880,2790,rollout
Quorvane Therapeutics,Supply Chain Planning,East Dovra,2026-09,2027000000,3880,2790,rollout
Quorvane Therapeutics,Supply Chain Planning,East Dovra,2026-10,2006000000,3880,2790,rollout
Quorvane Therapeutics,Quality Assurance,Central Nymar,2025-11,1250000000,2700,680,consideration
Quorvane Therapeutics,Quality Assurance,Central Nymar,2025-12,1214000000,2700,680,consideration
Quorvane Therapeutics,Quality Assurance,Central Nymar,2026-01,1240000000,2700,680,consideration
Quorvane Therapeutics,Quality Assurance,Central Nymar,2026-02,1279000000,2700,680,consideration
Quorvane Therapeutics,Quality Assurance,Central Nymar,2026-03,1293000000,2710,680,consideration
Quorvane Therapeutics,Quality Assurance,Central Nymar,2026-04,1269000000,2710,1360,pilot
Quorvane Therapeutics,Quality Assurance,Central Nymar,2026-05,1308000000,2710,1360,pilot
Quorvane Therapeutics,Quality Assurance,Central Nymar,2026-06,1284000000,2710,1360,pilot
Quorvane Therapeutics,Quality Assurance,Central Nymar,2026-07,1260000000,2710,1360,pilot
Quorvane Therapeutics,Quality Assurance,Central Nymar,2026-08,1299000000,2710,1360,pilot
Quorvane Therapeutics,Quality Assurance,Central Nymar,2026-09,1326000000,2710,1360,pilot
Quorvane Therapeutics,Quality Assurance,Central Nymar,2026-10,1314000000,2720,1360,pilot
Quorvane Therapeutics,Procurement,West Ostrell,2025-11,90000000,250,60,consideration
Quorvane Therapeutics,Procurement,West Ostrell,2025-12,87000000,250,60,consideration
Quorvane Therapeutics,Procurement,West Ostrell,2026-01,89000000,250,60,consideration
Quorvane Therapeutics,Procurement,West Ostrell,2026-02,92000000,250,60,consideration
Quorvane Therapeutics,Procurement,West Ostrell,2026-03,93000000,250,60,consideration
Quorvane Therapeutics,Procurement,West Ostrell,2026-04,91000000,250,60,consideration
Quorvane Therapeutics,Procurement,West Ostrell,2026-05,94000000,250,60,consideration
Quorvane Therapeutics,Procurement,West Ostrell,2026-06,92000000,250,60,consideration
Quorvane Therapeutics,Procurement,West Ostrell,2026-07,90000000,250,60,consideration
Quorvane Therapeutics,Procurement,West Ostrell,2026-08,93000000,250,60,consideration
Quorvane Therapeutics,Procurement,West Ostrell,2026-09,95000000,250,60,consideration
Quorvane Therapeutics,Procurement,West Ostrell,2026-10,94000000,250,60,consideration
Talvexon Industrial Systems,Advanced Fabrication,North Velin,2025-11,3800000000,7200,1800,consideration
Talvexon Industrial Systems,Advanced Fabrication,North Velin,2025-12,3907000000,7440,1860,consideration
Talvexon Industrial Systems,Advanced Fabrication,North Velin,2026-01,4227000000,7680,3840,pilot
Talvexon Industrial Systems,Advanced Fabrication,North Velin,2026-02,4616000000,7940,3970,pilot
Talvexon Industrial Systems,Advanced Fabrication,North Velin,2026-03,4941000000,8200,4100,pilot
Talvexon Industrial Systems,Advanced Fabrication,North Velin,2026-04,5136000000,8470,6100,rollout
Talvexon Industrial Systems,Advanced Fabrication,North Velin,2026-05,5606000000,8750,6300,rollout
Talvexon Industrial Systems,Advanced Fabrication,North Velin,2026-06,5828000000,9040,6510,rollout
Talvexon Industrial Systems,Advanced Fabrication,North Velin,2026-07,6057000000,9340,8410,production
Talvexon Industrial Systems,Advanced Fabrication,North Velin,2026-08,6613000000,9640,8680,production
Talvexon Industrial Systems,Advanced Fabrication,North Velin,2026-09,7145000000,9960,8960,production
Talvexon Industrial Systems,Advanced Fabrication,North Velin,2026-10,7502000000,10290,9260,production
Talvexon Industrial Systems,Supply Network,East Brann,2025-11,2600000000,5100,1280,consideration
Talvexon Industrial Systems,Supply Network,East Brann,2025-12,2648000000,5240,1310,consideration
Talvexon Industrial Systems,Supply Network,East Brann,2026-01,2838000000,5380,1350,consideration
Talvexon Industrial Systems,Supply Network,East Brann,2026-02,3070000000,5530,2770,pilot
Talvexon Industrial Systems,Supply Network,East Brann,2026-03,3255000000,5680,2840,pilot
Talvexon Industrial Systems,Supply Network,East Brann,2026-04,3352000000,5840,2920,pilot
Talvexon Industrial Systems,Supply Network,East Brann,2026-05,3624000000,6000,3000,pilot
Talvexon Industrial Systems,Supply Network,East Brann,2026-06,3732000000,6170,4440,rollout
Talvexon Industrial Systems,Supply Network,East Brann,2026-07,3841000000,6340,4560,rollout
Talvexon Industrial Systems,Supply Network,East Brann,2026-08,4154000000,6510,4690,rollout
Talvexon Industrial Systems,Supply Network,East Brann,2026-09,4447000000,6690,4820,rollout
Talvexon Industrial Systems,Supply Network,East Brann,2026-10,4625000000,6870,4950,rollout
Talvexon Industrial Systems,Field Engineering,South Keldra,2025-11,2100000000,4300,1080,consideration
Talvexon Industrial Systems,Field Engineering,South Keldra,2025-12,2118000000,4390,1100,consideration
Talvexon Industrial Systems,Field Engineering,South Keldra,2026-01,2249000000,4490,1120,consideration
Talvexon Industrial Systems,Field Engineering,South Keldra,2026-02,2409000000,4590,1150,consideration
Talvexon Industrial Systems,Field Engineering,South Keldra,2026-03,2530000000,4690,1170,consideration
Talvexon Industrial Systems,Field Engineering,South Keldra,2026-04,2581000000,4790,2400,pilot
Talvexon Industrial Systems,Field Engineering,South Keldra,2026-05,2763000000,4900,2450,pilot
Talvexon Industrial Systems,Field Engineering,South Keldra,2026-06,2819000000,5010,2510,pilot
Talvexon Industrial Systems,Field Engineering,South Keldra,2026-07,2874000000,5120,2560,pilot
Talvexon Industrial Systems,Field Engineering,South Keldra,2026-08,3079000000,5230,2620,pilot
Talvexon Industrial Systems,Field Engineering,South Keldra,2026-09,3264000000,5350,2680,pilot
Talvexon Industrial Systems,Field Engineering,South Keldra,2026-10,3362000000,5460,2730,pilot
Talvexon Industrial Systems,Quality Automation,West Soryn,2025-11,1850000000,3600,900,consideration
Talvexon Industrial Systems,Quality Automation,West Soryn,2025-12,1893000000,3710,930,consideration
Talvexon Industrial Systems,Quality Automation,West Soryn,2026-01,2039000000,3820,960,consideration
Talvexon Industrial Systems,Quality Automation,West Soryn,2026-02,2216000000,3940,1970,pilot
Talvexon Industrial Systems,Quality Automation,West Soryn,2026-03,2361000000,4060,2030,pilot
Talvexon Industrial Systems,Quality Automation,West Soryn,2026-04,2442000000,4180,2090,pilot
Talvexon Industrial Systems,Quality Automation,West Soryn,2026-05,2653000000,4300,2150,pilot
Talvexon Industrial Systems,Quality Automation,West Soryn,2026-06,2745000000,4440,3200,rollout
Talvexon Industrial Systems,Quality Automation,West Soryn,2026-07,2839000000,4570,3290,rollout
Talvexon Industrial Systems,Quality Automation,West Soryn,2026-08,3085000000,4710,3390,rollout
Talvexon Industrial Systems,Quality Automation,West Soryn,2026-09,3318000000,4850,3490,rollout
Talvexon Industrial Systems,Quality Automation,West Soryn,2026-10,3467000000,5000,3600,rollout
Norevix Capital Group,Corporate Banking,North Aven,2025-11,4200000000,7800,1950,consideration
Norevix Capital Group,Corporate Banking,North Aven,2025-12,3931000000,7650,1910,consideration
Norevix Capital Group,Corporate Banking,North Aven,2026-01,3872000000,7500,3750,pilot
Norevix Capital Group,Corporate Banking,North Aven,2026-02,3850000000,7360,3680,pilot
Norevix Capital Group,Corporate Banking,North Aven,2026-03,3751000000,7220,3610,pilot
Norevix Capital Group,Corporate Banking,North Aven,2026-04,3550000000,7080,5100,rollout
Norevix Capital Group,Corporate Banking,North Aven,2026-05,3527000000,6940,5000,rollout
Norevix Capital Group,Corporate Banking,North Aven,2026-06,3338000000,6810,4900,rollout
Norevix Capital Group,Corporate Banking,North Aven,2026-07,3158000000,6680,6010,production
Norevix Capital Group,Corporate Banking,North Aven,2026-08,3139000000,6550,5900,production
Norevix Capital Group,Corporate Banking,North Aven,2026-09,3088000000,6420,5780,production
Norevix Capital Group,Corporate Banking,North Aven,2026-10,2952000000,6300,5670,production
Norevix Capital Group,Risk Analytics,Central Fyren,2025-11,3300000000,6400,1600,consideration
Norevix Capital Group,Risk Analytics,Central Fyren,2025-12,3111000000,6300,1580,consideration
Norevix Capital Group,Risk Analytics,Central Fyren,2026-01,3087000000,6200,1550,consideration
Norevix Capital Group,Risk Analytics,Central Fyren,2026-02,3091000000,6110,3060,pilot
Norevix Capital Group,Risk Analytics,Central Fyren,2026-03,3034000000,6010,3010,pilot
Norevix Capital Group,Risk Analytics,Central Fyren,2026-04,2892000000,5920,2960,pilot
Norevix Capital Group,Risk Analytics,Central Fyren,2026-05,2894000000,5830,2920,pilot
Norevix Capital Group,Risk Analytics,Central Fyren,2026-06,2759000000,5740,4130,rollout
Norevix Capital Group,Risk Analytics,Central Fyren,2026-07,2629000000,5650,4070,rollout
Norevix Capital Group,Risk Analytics,Central Fyren,2026-08,2632000000,5570,4010,rollout
Norevix Capital Group,Risk Analytics,Central Fyren,2026-09,2608000000,5480,3950,rollout
Norevix Capital Group,Risk Analytics,Central Fyren,2026-10,2511000000,5400,3890,rollout
Norevix Capital Group,Wealth Platforms,West Cyral,2025-11,2700000000,5200,1300,consideration
Norevix Capital Group,Wealth Platforms,West Cyral,2025-12,2501000000,5070,1270,consideration
Norevix Capital Group,Wealth Platforms,West Cyral,2026-01,2438000000,4950,1240,consideration
Norevix Capital Group,Wealth Platforms,West Cyral,2026-02,2399000000,4820,1210,consideration
Norevix Capital Group,Wealth Platforms,West Cyral,2026-03,2313000000,4700,1180,consideration
Norevix Capital Group,Wealth Platforms,West Cyral,2026-04,2166000000,4590,2300,pilot
Norevix Capital Group,Wealth Platforms,West Cyral,2026-05,2130000000,4470,2240,pilot
Norevix Capital Group,Wealth Platforms,West Cyral,2026-06,1995000000,4360,2180,pilot
Norevix Capital Group,Wealth Platforms,West Cyral,2026-07,1868000000,4260,2130,pilot
Norevix Capital Group,Wealth Platforms,West Cyral,2026-08,1838000000,4150,2080,pilot
Norevix Capital Group,Wealth Platforms,West Cyral,2026-09,1789000000,4050,2030,pilot
Norevix Capital Group,Wealth Platforms,West Cyral,2026-10,1692000000,3950,1980,pilot
Norevix Capital Group,Markets Operations,East Jorven,2025-11,122000000,410,100,consideration
Norevix Capital Group,Markets Operations,East Jorven,2025-12,114000000,400,100,consideration
Norevix Capital Group,Markets Operations,East Jorven,2026-01,111000000,390,100,consideration
Norevix Capital Group,Markets Operations,East Jorven,2026-02,110000000,390,100,consideration
Norevix Capital Group,Markets Operations,East Jorven,2026-03,107000000,380,100,consideration
Norevix Capital Group,Markets Operations,East Jorven,2026-04,100000000,370,90,consideration
Norevix Capital Group,Markets Operations,East Jorven,2026-05,99000000,360,90,consideration
Norevix Capital Group,Markets Operations,East Jorven,2026-06,94000000,350,90,consideration
Norevix Capital Group,Markets Operations,East Jorven,2026-07,88000000,350,90,consideration
Norevix Capital Group,Markets Operations,East Jorven,2026-08,87000000,340,90,consideration
Norevix Capital Group,Markets Operations,East Jorven,2026-09,85000000,330,80,consideration
Norevix Capital Group,Markets Operations,East Jorven,2026-10,81000000,320,80,consideration
Azrulon Energy Networks,Grid Operations,North Teryn,2025-11,3500000000,6600,1650,consideration
Azrulon Energy Networks,Grid Operations,North Teryn,2025-12,3436000000,6640,1660,consideration
Azrulon Energy Networks,Grid Operations,North Teryn,2026-01,3549000000,6690,3350,pilot
Azrulon Energy Networks,Grid Operations,North Teryn,2026-02,3700000000,6730,3370,pilot
Azrulon Energy Networks,Grid Operations,North Teryn,2026-03,3781000000,6780,3390,pilot
Azrulon Energy Networks,Grid Operations,North Teryn,2026-04,3752000000,6820,4910,rollout
Azrulon Energy Networks,Grid Operations,North Teryn,2026-05,3910000000,6870,4950,rollout
Azrulon Energy Networks,Grid Operations,North Teryn,2026-06,3881000000,6910,4980,rollout
Azrulon Energy Networks,Grid Operations,North Teryn,2026-07,3850000000,6960,6260,production
Azrulon Energy Networks,Grid Operations,North Teryn,2026-08,4014000000,7000,6300,production
Azrulon Energy Networks,Grid Operations,North Teryn,2026-09,4141000000,7050,6350,production
Azrulon Energy Networks,Grid Operations,North Teryn,2026-10,4150000000,7100,6390,production
Azrulon Energy Networks,Asset Reliability,West Ulmar,2025-11,2450000000,4700,1180,consideration
Azrulon Energy Networks,Asset Reliability,West Ulmar,2025-12,2396000000,4720,1180,consideration
Azrulon Energy Networks,Asset Reliability,West Ulmar,2026-01,2464000000,4740,1190,consideration
Azrulon Energy Networks,Asset Reliability,West Ulmar,2026-02,2559000000,4760,2380,pilot
Azrulon Energy Networks,Asset Reliability,West Ulmar,2026-03,2605000000,4780,2390,pilot
Azrulon Energy Networks,Asset Reliability,West Ulmar,2026-04,2575000000,4800,2400,pilot
Azrulon Energy Networks,Asset Reliability,West Ulmar,2026-05,2673000000,4830,2420,pilot
Azrulon Energy Networks,Asset Reliability,West Ulmar,2026-06,2642000000,4850,3490,rollout
Azrulon Energy Networks,Asset Reliability,West Ulmar,2026-07,2611000000,4870,3510,rollout
Azrulon Energy Networks,Asset Reliability,West Ulmar,2026-08,2711000000,4890,3520,rollout
Azrulon Energy Networks,Asset Reliability,West Ulmar,2026-09,2786000000,4910,3540,rollout
Azrulon Energy Networks,Asset Reliability,West Ulmar,2026-10,2781000000,4930,3550,rollout
Azrulon Energy Networks,Market Dispatch,Central Veyra,2025-11,2050000000,4000,1000,consideration
Azrulon Energy Networks,Market Dispatch,Central Veyra,2025-12,1996000000,4010,1000,consideration
Azrulon Energy Networks,Market Dispatch,Central Veyra,2026-01,2046000000,4020,1010,consideration
Azrulon Energy Networks,Market Dispatch,Central Veyra,2026-02,2116000000,4030,1010,consideration
Azrulon Energy Networks,Market Dispatch,Central Veyra,2026-03,2145000000,4040,1010,consideration
Azrulon Energy Networks,Market Dispatch,Central Veyra,2026-04,2112000000,4040,2020,pilot
Azrulon Energy Networks,Market Dispatch,Central Veyra,2026-05,2184000000,4050,2030,pilot
Azrulon Energy Networks,Market Dispatch,Central Veyra,2026-06,2150000000,4060,2030,pilot
Azrulon Energy Networks,Market Dispatch,Central Veyra,2026-07,2117000000,4070,2040,pilot
Azrulon Energy Networks,Market Dispatch,Central Veyra,2026-08,2189000000,4080,2040,pilot
Azrulon Energy Networks,Market Dispatch,Central Veyra,2026-09,2240000000,4090,2050,pilot
Azrulon Energy Networks,Market Dispatch,Central Veyra,2026-10,2228000000,4100,2050,pilot
Azrulon Energy Networks,Customer Systems,South Phelan,2025-11,105000000,280,70,consideration
Azrulon Energy Networks,Customer Systems,South Phelan,2025-12,102000000,280,70,consideration
Azrulon Energy Networks,Customer Systems,South Phelan,2026-01,105000000,280,70,consideration
Azrulon Energy Networks,Customer Systems,South Phelan,2026-02,109000000,280,70,consideration
Azrulon Energy Networks,Customer Systems,South Phelan,2026-03,111000000,280,70,consideration
Azrulon Energy Networks,Customer Systems,South Phelan,2026-04,109000000,280,70,consideration
Azrulon Energy Networks,Customer Systems,South Phelan,2026-05,113000000,290,70,consideration
Azrulon Energy Networks,Customer Systems,South Phelan,2026-06,112000000,290,70,consideration
Azrulon Energy Networks,Customer Systems,South Phelan,2026-07,110000000,290,70,consideration
Azrulon Energy Networks,Customer Systems,South Phelan,2026-08,114000000,290,70,consideration
Azrulon Energy Networks,Customer Systems,South Phelan,2026-09,117000000,290,70,consideration
Azrulon Energy Networks,Customer Systems,South Phelan,2026-10,117000000,290,70,consideration
Azrulon Energy Networks,Hydrogen Networks,East Zarell,2026-08,927000000,1800,450,consideration
Azrulon Energy Networks,Hydrogen Networks,East Zarell,2026-09,1153000000,2020,1010,pilot
Azrulon Energy Networks,Hydrogen Networks,East Zarell,2026-10,1393000000,2260,1130,pilot
